64361ff60e79dd07631c9646,https://dabang-prod-profile-image.s3.amazonaws.com/b20ec5e52785d80bff716f0e5cd97350
6448d810d8c7175f55496654,https://dabang-prod-profile-image.s3.amazonaws.com/b20ec5e52785d80bff716f0e5cd97350
644f3b74b377806f26864db6,https://dabang-prod-profile-image.s3.amazonaws.com/b20ec5e52785d80bff716f0e5cd97350
645de6b46730f13b8b676171,https://dabang-prod-profile-image.s3.amazonaws.com/b20ec5e52785d80bff716f0e5cd97350
6461808fd3fc09738bc52916,https://dabang-prod-profile-image.s3.amazonaws.com/b20ec5e52785d80bff716f0e5cd97350
646310b744dec00639aef006,https://dabang-prod-profile-image.s3.amazonaws.com/b20ec5e52785d80bff716f0e5cd97350
647aa9419e1bbc74e791d49e,https://dabang-prod-profile-image.s3.amazonaws.com/b20ec5e52785d80bff716f0e5cd97350
6482982931342e611e595bd1,https://dabang-prod-profile-image.s3.amazonaws.com/b20ec5e52785d80bff716f0e5cd97350
6465be8344dbd2788dbb837f,https://dabang-prod-profile-image.s3.amazonaws.com/b20ec5e52785d80bff716f0e5cd97350
64829c8c83b8676194aba480,https://dabang-prod-profile-image.s3.amazonaws.com/b20ec5e52785d80bff716f0e5cd97350
646838af641abe35d632130e,https://dabang-prod-profile-image.s3.amazonaws.com/b20ec5e52785d80bff716f0e5cd97350
6483f6108f5cb241ff285f2f,https://dabang-prod-profile-image.s3.amazonaws.com/b20ec5e52785d80bff716f0e5cd97350
64840977c2f9ec01dceac75e,https://dabang-prod-profile-image.s3.amazonaws.com/b20ec5e52785d80bff716f0e5cd97350
646efae52452694fb3111369,https://dabang-prod-profile-image.s3.amazonaws.com/b20ec5e52785d80bff716f0e5cd97350
64229aff558083490c9fb9ce,https://dabang-prod-profile-image.s3.amazonaws.com/b20ec5e52785d80bff716f0e5cd97350
647d89812cb6b65315c3c849,https://dabang-prod-profile-image.s3.amazonaws.com/b20ec5e52785d80bff716f0e5cd97350
6484661a29f60d17639a5dd4,https://dabang-prod-profile-image.s3.amazonaws.com/b20ec5e52785d80bff716f0e5cd97350
646efc76e982504feb0f5897,https://dabang-prod-profile-image.s3.amazonaws.com/b20ec5e52785d80bff716f0e5cd97350
6482d2317a981b5326dea0fd,https://dabang-prod-profile-image.s3.amazonaws.com/b20ec5e52785d80bff716f0e5cd97350
647722f4d122a768dbbb04ab,https://dabang-prod-profile-image.s3.amazonaws.com/b20ec5e52785d80bff716f0e5cd97350
6482ce34e0351a3443c3950a,https://dabang-prod-profile-image.s3.amazonaws.com/b20ec5e52785d80bff716f0e5cd97350
64747ce19ce1312cdd82fc37,https://dabang-prod-profile-image.s3.amazonaws.com/b20ec5e52785d80bff716f0e5cd97350
646b3f0e5ebeff296adf0c95,https://dabang-prod-profile-image.s3.amazonaws.com/b20ec5e52785d80bff716f0e5cd97350
64846540151f5919e89b0db7,https://dabang-prod-profile-image.s3.amazonaws.com/b20ec5e52785d80bff716f0e5cd97350
647da921513b1b017e642b4b,https://dabang-prod-profile-image.s3.amazonaws.com/b20ec5e52785d80bff716f0e5cd97350
64829690986a243a1eee52ef,https://dabang-prod-profile-image.s3.amazonaws.com/b20ec5e52785d80bff716f0e5cd97350
6466fac216a499551cb02fbc,https://dabang-prod-profile-image.s3.amazonaws.com/b20ec5e52785d80bff716f0e5cd97350
646832236768101c40345092,https://dabang-prod-profile-image.s3.amazonaws.com/b20ec5e52785d80bff716f0e5cd97350
646b2c141e8e604e8392401b,https://dabang-prod-profile-image.s3.amazonaws.com/b20ec5e52785d80bff716f0e5cd97350
648465f221e567174bab611f,https://dabang-prod-profile-image.s3.amazonaws.com/b20ec5e52785d80bff716f0e5cd97350
64743cc527c4004c562ee7e7,https://dabang-prod-profile-image.s3.amazonaws.com/b20ec5e52785d80bff716f0e5cd97350
6484189502e3bb309d19458f,https://dabang-prod-profile-image.s3.amazonaws.com/b20ec5e52785d80bff716f0e5cd97350
646c2904020145404b5eff33,https://dabang-prod-profile-image.s3.amazonaws.com/11b0788c6cf61ea0bdd991e50cecbb9a
6470342e6e97ed7d574bf617,https://dabang-prod-profile-image.s3.amazonaws.com/11b0788c6cf61ea0bdd991e50cecbb9a
64770c22f343b207ee792329,https://dabang-prod-profile-image.s3.amazonaws.com/11b0788c6cf61ea0bdd991e50cecbb9a
6476d9d14f9d9d255094cda6,https://dabang-prod-profile-image.s3.amazonaws.com/11b0788c6cf61ea0bdd991e50cecbb9a
648125a95472471c5cf5464a,https://dabang-prod-profile-image.s3.amazonaws.com/11b0788c6cf61ea0bdd991e50cecbb9a
6476e4c16597f244d30598a4,https://dabang-prod-profile-image.s3.amazonaws.com/11b0788c6cf61ea0bdd991e50cecbb9a
647ff5c29c913e36f1d9456c,https://dabang-prod-profile-image.s3.amazonaws.com/11b0788c6cf61ea0bdd991e50cecbb9a
648027b9bbd1ba03fd63d7f1,https://dabang-prod-profile-image.s3.amazonaws.com/11b0788c6cf61ea0bdd991e50cecbb9a
64780b93db30535608d8e189,https://dabang-prod-profile-image.s3.amazonaws.com/11b0788c6cf61ea0bdd991e50cecbb9a
646f07b0ea240919dc017655,https://dabang-prod-profile-image.s3.amazonaws.com/11b0788c6cf61ea0bdd991e50cecbb9a
64671b68dc0bb771b6c6474c,https://dabang-prod-profile-image.s3.amazonaws.com/11b0788c6cf61ea0bdd991e50cecbb9a
6427c94db52ea343bf6feb52,https://dabang-prod-profile-image.s3.amazonaws.com/11b0788c6cf61ea0bdd991e50cecbb9a
6483f2e3aa61d72b7d0740bc,https://dabang-prod-profile-image.s3.amazonaws.com/11b0788c6cf61ea0bdd991e50cecbb9a
647815bf1844546c798cd48a,https://dabang-prod-profile-image.s3.amazonaws.com/11b0788c6cf61ea0bdd991e50cecbb9a
642121cf58207516f9c4de67,https://dabang-prod-profile-image.s3.amazonaws.com/11b0788c6cf61ea0bdd991e50cecbb9a
64682bcd811ce90419cf58df,https://dabang-prod-profile-image.s3.amazonaws.com/11b0788c6cf61ea0bdd991e50cecbb9a
647d5d147b622e1633036721,https://dabang-prod-profile-image.s3.amazonaws.com/11b0788c6cf61ea0bdd991e50cecbb9a
647dc1f51707d048297f3cca,https://dabang-prod-profile-image.s3.amazonaws.com/11b0788c6cf61ea0bdd991e50cecbb9a
6440fff8c5972f759eb64964,https://dabang-prod-profile-image.s3.amazonaws.com/11b0788c6cf61ea0bdd991e50cecbb9a
64630120763d4b4b49cd08d9,https://dabang-prod-profile-image.s3.amazonaws.com/11b0788c6cf61ea0bdd991e50cecbb9a
648138c961df264c507bf6e4,https://dabang-prod-profile-image.s3.amazonaws.com/11b0788c6cf61ea0bdd991e50cecbb9a
646e0e41955295531a4a4d2a,https://dabang-prod-profile-image.s3.amazonaws.com/11b0788c6cf61ea0bdd991e50cecbb9a
6470342e6e97ed7d574bf617,https://dabang-prod-profile-image.s3.amazonaws.com/11b0788c6cf61ea0bdd991e50cecbb9a
646e09773dd7963e426d0957,https://dabang-prod-profile-image.s3.amazonaws.com/11b0788c6cf61ea0bdd991e50cecbb9a
6458b34f6a047f59feae1056,https://dabang-prod-profile-image.s3.amazonaws.com/11b0788c6cf61ea0bdd991e50cecbb9a
6483c242d41a6015338d9f9a,https://dabang-prod-profile-image.s3.amazonaws.com/11b0788c6cf61ea0bdd991e50cecbb9a
6482d869b18efb75a9099b08,https://dabang-prod-profile-image.s3.amazonaws.com/11b0788c6cf61ea0bdd991e50cecbb9a
646b11415d4abe3b396a80bc,https://dabang-prod-profile-image.s3.amazonaws.com/2a4024a41cf60d03488eb5d4bc12aa9c
64741f3af2dd0664f66d022b,https://dabang-prod-profile-image.s3.amazonaws.com/2a4024a41cf60d03488eb5d4bc12aa9c
6474466fa20b926e3a620b1a,https://dabang-prod-profile-image.s3.amazonaws.com/2a4024a41cf60d03488eb5d4bc12aa9c
648047d07d339e1f0d681b83,https://dabang-prod-profile-image.s3.amazonaws.com/2a4024a41cf60d03488eb5d4bc12aa9c
6482b8d398c3104ec84cb047,https://dabang-prod-profile-image.s3.amazonaws.com/2a4024a41cf60d03488eb5d4bc12aa9c
6483f8a1a7df673f24c3ab9a,https://dabang-prod-profile-image.s3.amazonaws.com/2a4024a41cf60d03488eb5d4bc12aa9c
6483f8e7654a61405583475d,https://dabang-prod-profile-image.s3.amazonaws.com/2a4024a41cf60d03488eb5d4bc12aa9c
64844b759e867e485eface25,https://dabang-prod-profile-image.s3.amazonaws.com/2a4024a41cf60d03488eb5d4bc12aa9c
S-JgSn-11215103-3811,https://dabang-prod-profile-image.s3.amazonaws.com/2a4024a41cf60d03488eb5d4bc12aa9c
S-jHLC-11215103-3667,https://dabang-prod-profile-image.s3.amazonaws.com/2a4024a41cf60d03488eb5d4bc12aa9c
645b03c9fdd1d4757112502a,https://dabang-prod-profile-image.s3.amazonaws.com/2a4024a41cf60d03488eb5d4bc12aa9c
644b588c16a01c34f8193c1c,https://dabang-prod-profile-image.s3.amazonaws.com/2a4024a41cf60d03488eb5d4bc12aa9c
647b1bbc50250a5972917ff7,https://dabang-prod-profile-image.s3.amazonaws.com/2a4024a41cf60d03488eb5d4bc12aa9c
64845a2de68b5f70d11965b7,https://dabang-prod-profile-image.s3.amazonaws.com/2a4024a41cf60d03488eb5d4bc12aa9c
6479bec42281b405e51124af,https://dabang-prod-profile-image.s3.amazonaws.com/2a4024a41cf60d03488eb5d4bc12aa9c
6481934672c86d037f7e13ae,https://dabang-prod-profile-image.s3.amazonaws.com/2a4024a41cf60d03488eb5d4bc12aa9c
647ea27770a1322d40c6747d,https://dabang-prod-profile-image.s3.amazonaws.com/2a4024a41cf60d03488eb5d4bc12aa9c
6474436f0b13106e3a1a258b,https://dabang-prod-profile-image.s3.amazonaws.com/2a4024a41cf60d03488eb5d4bc12aa9c
64816d22a8ae0552823e890c,https://dabang-prod-profile-image.s3.amazonaws.com/2a4024a41cf60d03488eb5d4bc12aa9c
6480562b119eaf598f94c5a9,https://dabang-prod-profile-image.s3.amazonaws.com/2a4024a41cf60d03488eb5d4bc12aa9c
646acbf8db20853a6cc3e5b3,https://dabang-prod-profile-image.s3.amazonaws.com/2a4024a41cf60d03488eb5d4bc12aa9c
64688c349e4eb749000ee37e,https://dabang-prod-profile-image.s3.amazonaws.com/2a4024a41cf60d03488eb5d4bc12aa9c
6476f173126e590a449b8346,https://dabang-prod-profile-image.s3.amazonaws.com/2a4024a41cf60d03488eb5d4bc12aa9c
6445e4ca0639b522880bd6a4,https://dabang-prod-profile-image.s3.amazonaws.com/2a4024a41cf60d03488eb5d4bc12aa9c
64251fc6c4b3ac11f167436d,https://dabang-prod-profile-image.s3.amazonaws.com/2a4024a41cf60d03488eb5d4bc12aa9c
645dcd212fdc562eac2b4e56,https://dabang-prod-profile-image.s3.amazonaws.com/2a4024a41cf60d03488eb5d4bc12aa9c
6482db2590a7f67187cb536f,https://dabang-prod-profile-image.s3.amazonaws.com/2a4024a41cf60d03488eb5d4bc12aa9c
6482db4d6c986d720d9a4432,https://dabang-prod-profile-image.s3.amazonaws.com/2a4024a41cf60d03488eb5d4bc12aa9c
6482d0a212937e52fe0f3588,https://dabang-prod-profile-image.s3.amazonaws.com/2a4024a41cf60d03488eb5d4bc12aa9c
647af3589cf22061cd175123,https://dabang-prod-profile-image.s3.amazonaws.com/2a4024a41cf60d03488eb5d4bc12aa9c
64783e4cfeb21935810f7cf6,https://dabang-prod-profile-image.s3.amazonaws.com/2a4024a41cf60d03488eb5d4bc12aa9c
6482b32308f50b4f92ba9b91,https://dabang-prod-profile-image.s3.amazonaws.com/2a4024a41cf60d03488eb5d4bc12aa9c
647ee636d9acba722994a999,https://d1774jszgerdmk.cloudfront.net/512/e42d2d3e-151d-46f2-bda7-6e639e184676
64780cddeb023a5806948bbc,https://d1774jszgerdmk.cloudfront.net/512/e42d2d3e-151d-46f2-bda7-6e639e184676
64585f75d307853cded0817b,https://d1774jszgerdmk.cloudfront.net/512/e42d2d3e-151d-46f2-bda7-6e639e184676
6482c06dc76a327347e9c3ce,https://d1774jszgerdmk.cloudfront.net/512/e42d2d3e-151d-46f2-bda7-6e639e184676
645b5dfcb1b1ec22c2c81721,https://d1774jszgerdmk.cloudfront.net/512/e42d2d3e-151d-46f2-bda7-6e639e184676
646585edba1c19684dd2463f,https://d1774jszgerdmk.cloudfront.net/512/e42d2d3e-151d-46f2-bda7-6e639e184676
S-JgSn-11215103-3811,https://dabang-prod-sign-image.s3.ap-northeast-2.amazonaws.com/89718f15-889c-4aa6-9254-bd051699f4e7
S-sbNf-11215105-3652,https://dabang-prod-sign-image.s3.ap-northeast-2.amazonaws.com/89718f15-889c-4aa6-9254-bd051699f4e7
S-WwNC-11230106-3798,https://dabang-prod-sign-image.s3.ap-northeast-2.amazonaws.com/89718f15-889c-4aa6-9254-bd051699f4e7
S-pvyO-11215109-3821,https://dabang-prod-sign-image.s3.ap-northeast-2.amazonaws.com/89718f15-889c-4aa6-9254-bd051699f4e7
S-jHLC-11215103-3667,https://dabang-prod-sign-image.s3.ap-northeast-2.amazonaws.com/89718f15-889c-4aa6-9254-bd051699f4e7
64785fe75a3921645db82017,https://dabang-prod-sign-image.s3.ap-northeast-2.amazonaws.com/89718f15-889c-4aa6-9254-bd051699f4e7
6470315fb19ce66bc8af0862,https://dabang-prod-sign-image.s3.ap-northeast-2.amazonaws.com/89718f15-889c-4aa6-9254-bd051699f4e7
645b03c9fdd1d4757112502a,https://dabang-prod-sign-image.s3.ap-northeast-2.amazonaws.com/89718f15-889c-4aa6-9254-bd051699f4e7
64590ef55697fe60e08e20a6,https://dabang-prod-sign-image.s3.ap-northeast-2.amazonaws.com/89718f15-889c-4aa6-9254-bd051699f4e7
6482ec2142bd175ea7cb0f3d,https://dabang-prod-sign-image.s3.ap-northeast-2.amazonaws.com/89718f15-889c-4aa6-9254-bd051699f4e7
646421dc002b6e028fdbbdfe,https://dabang-prod-sign-image.s3.ap-northeast-2.amazonaws.com/89718f15-889c-4aa6-9254-bd051699f4e7
6477f3578363e95c0dd200d7,https://dabang-prod-sign-image.s3.ap-northeast-2.amazonaws.com/89718f15-889c-4aa6-9254-bd051699f4e7
6484224592058645ca9770b3,https://dabang-prod-sign-image.s3.ap-northeast-2.amazonaws.com/89718f15-889c-4aa6-9254-bd051699f4e7
648408cfdb7eaf03956cb304,https://dabang-prod-sign-image.s3.ap-northeast-2.amazonaws.com/89718f15-889c-4aa6-9254-bd051699f4e7
6484593c5c58b170d1243790,https://dabang-prod-sign-image.s3.ap-northeast-2.amazonaws.com/89718f15-889c-4aa6-9254-bd051699f4e7
648025e3f53e9201f7863d11,https://dabang-prod-sign-image.s3.ap-northeast-2.amazonaws.com/89718f15-889c-4aa6-9254-bd051699f4e7
6476d9d14f9d9d255094cda6,https://dabang-prod-sign-image.s3.ap-northeast-2.amazonaws.com/89718f15-889c-4aa6-9254-bd051699f4e7
6465be8344dbd2788dbb837f,https://dabang-prod-sign-image.s3.ap-northeast-2.amazonaws.com/89718f15-889c-4aa6-9254-bd051699f4e7
6482c842ee917431f4036ec6,https://dabang-prod-sign-image.s3.ap-northeast-2.amazonaws.com/89718f15-889c-4aa6-9254-bd051699f4e7
6476db5be4c25a24cc48d316,https://dabang-prod-sign-image.s3.ap-northeast-2.amazonaws.com/89718f15-889c-4aa6-9254-bd051699f4e7
647451dd998a2329da611ebb,https://dabang-prod-sign-image.s3.ap-northeast-2.amazonaws.com/89718f15-889c-4aa6-9254-bd051699f4e7
6479af79950ce24f905104c3,https://dabang-prod-sign-image.s3.ap-northeast-2.amazonaws.com/89718f15-889c-4aa6-9254-bd051699f4e7
64632cd110c7cc222eab6dbe,https://dabang-prod-sign-image.s3.ap-northeast-2.amazonaws.com/89718f15-889c-4aa6-9254-bd051699f4e7
647dbd989ab37c4834b17481,https://dabang-prod-sign-image.s3.ap-northeast-2.amazonaws.com/89718f15-889c-4aa6-9254-bd051699f4e7
6466f9f2f7ad2152cbe4e9ed,https://dabang-prod-profile-image.s3.amazonaws.com/d39d1a271515462bf0b3471b2d05b353
6482b0185d2237307c0dbe66,https://dabang-prod-profile-image.s3.amazonaws.com/d39d1a271515462bf0b3471b2d05b353
6483fae692640d546621c353,https://dabang-prod-profile-image.s3.amazonaws.com/d39d1a271515462bf0b3471b2d05b353
6482ec2142bd175ea7cb0f3d,https://dabang-prod-profile-image.s3.amazonaws.com/d39d1a271515462bf0b3471b2d05b353
6484224592058645ca9770b3,https://dabang-prod-profile-image.s3.amazonaws.com/d39d1a271515462bf0b3471b2d05b353
648408cfdb7eaf03956cb304,https://dabang-prod-profile-image.s3.amazonaws.com/d39d1a271515462bf0b3471b2d05b353
6482c842ee917431f4036ec6,https://dabang-prod-profile-image.s3.amazonaws.com/d39d1a271515462bf0b3471b2d05b353
6476db5be4c25a24cc48d316,https://dabang-prod-profile-image.s3.amazonaws.com/d39d1a271515462bf0b3471b2d05b353
647451dd998a2329da611ebb,https://dabang-prod-profile-image.s3.amazonaws.com/d39d1a271515462bf0b3471b2d05b353
64829ba631f17e611ece6bae,https://dabang-prod-profile-image.s3.amazonaws.com/d39d1a271515462bf0b3471b2d05b353
6477109d25eee82581e3fbfc,https://dabang-prod-profile-image.s3.amazonaws.com/d39d1a271515462bf0b3471b2d05b353
6480226367070c65182e5df3,https://dabang-prod-profile-image.s3.amazonaws.com/d39d1a271515462bf0b3471b2d05b353
64703730f9ef9403c0758d3d,https://dabang-prod-profile-image.s3.amazonaws.com/d39d1a271515462bf0b3471b2d05b353
646c68571a6bb3077d872c9d,https://dabang-prod-profile-image.s3.amazonaws.com/d39d1a271515462bf0b3471b2d05b353
648025753e983b685d0b645a,https://dabang-prod-profile-image.s3.amazonaws.com/d39d1a271515462bf0b3471b2d05b353
645a0905209a8348117ddb42,https://dabang-prod-profile-image.s3.amazonaws.com/d39d1a271515462bf0b3471b2d05b353
648131bc639ec7208f996972,https://dabang-prod-profile-image.s3.amazonaws.com/d39d1a271515462bf0b3471b2d05b353
6471a4a653fe701843d7116e,https://dabang-prod-profile-image.s3.amazonaws.com/d39d1a271515462bf0b3471b2d05b353
64672eeefc36c753ae93d894,https://dabang-prod-profile-image.s3.amazonaws.com/d39d1a271515462bf0b3471b2d05b353
6461ef28d7764d3b4d3132b3,https://dabang-prod-profile-image.s3.amazonaws.com/d39d1a271515462bf0b3471b2d05b353
64686fa86408fc6d48cc440b,https://dabang-prod-profile-image.s3.amazonaws.com/d39d1a271515462bf0b3471b2d05b353
647821bd46c173285f612747,https://dabang-prod-profile-image.s3.amazonaws.com/d39d1a271515462bf0b3471b2d05b353
6468682e8d9c3e4ed6e703d0,https://dabang-prod-profile-image.s3.amazonaws.com/d39d1a271515462bf0b3471b2d05b353
646c88b116ca2b093b351a74,https://dabang-prod-profile-image.s3.amazonaws.com/d39d1a271515462bf0b3471b2d05b353
648292f93293593a96a61d8d,https://dabang-prod-profile-image.s3.amazonaws.com/d39d1a271515462bf0b3471b2d05b353
645c59fec24ae067d8ea12e5,https://dabang-prod-profile-image.s3.amazonaws.com/d39d1a271515462bf0b3471b2d05b353
6450ce7fd2c5ad14414c7924,https://dabang-prod-profile-image.s3.amazonaws.com/d39d1a271515462bf0b3471b2d05b353
64335874b395cd0b8bd54f97,https://dabang-prod-profile-image.s3.amazonaws.com/263a4498e9d59f4e54add6c1201b740f
646eca00a42d397f37aaba65,https://dabang-prod-profile-image.s3.amazonaws.com/263a4498e9d59f4e54add6c1201b740f
64754ab74bb5e82270c32f21,https://dabang-prod-profile-image.s3.amazonaws.com/263a4498e9d59f4e54add6c1201b740f
6477148d2b299f22d4bd1296,https://dabang-prod-profile-image.s3.amazonaws.com/263a4498e9d59f4e54add6c1201b740f
6482dd286696dd1409a12839,https://dabang-prod-profile-image.s3.amazonaws.com/263a4498e9d59f4e54add6c1201b740f
S-pvyO-11215109-3821,https://dabang-prod-profile-image.s3.amazonaws.com/263a4498e9d59f4e54add6c1201b740f
6470315fb19ce66bc8af0862,https://dabang-prod-profile-image.s3.amazonaws.com/263a4498e9d59f4e54add6c1201b740f
647fe49da6259154a30a334b,https://dabang-prod-profile-image.s3.amazonaws.com/263a4498e9d59f4e54add6c1201b740f
646c7a58e22f740b74efd030,https://dabang-prod-profile-image.s3.amazonaws.com/263a4498e9d59f4e54add6c1201b740f
645b586de6cb8c21dcebf893,https://dabang-prod-profile-image.s3.amazonaws.com/263a4498e9d59f4e54add6c1201b740f
646ad024ffbdf75a4d18117e,https://dabang-prod-profile-image.s3.amazonaws.com/263a4498e9d59f4e54add6c1201b740f
647048f189a77561b7201176,https://dabang-prod-profile-image.s3.amazonaws.com/263a4498e9d59f4e54add6c1201b740f
647ad2173d360576efa70034,https://dabang-prod-profile-image.s3.amazonaws.com/263a4498e9d59f4e54add6c1201b740f
6465b0037cf9e92d8aff56de,https://dabang-prod-profile-image.s3.amazonaws.com/263a4498e9d59f4e54add6c1201b740f
6483dcf8090b47692e6cb5f0,https://dabang-prod-profile-image.s3.amazonaws.com/263a4498e9d59f4e54add6c1201b740f
646ad08d6ca90d5242c2d9fa,https://dabang-prod-profile-image.s3.amazonaws.com/263a4498e9d59f4e54add6c1201b740f
646c168f29e93159950c2f51,https://dabang-prod-profile-image.s3.amazonaws.com/263a4498e9d59f4e54add6c1201b740f
6482e21c4aca971e5fab9d3c,https://dabang-prod-profile-image.s3.amazonaws.com/263a4498e9d59f4e54add6c1201b740f
64758524d449a628d9e076d8,https://dabang-prod-profile-image.s3.amazonaws.com/263a4498e9d59f4e54add6c1201b740f
645af1e8be64dc2da98dcdb2,https://dabang-prod-profile-image.s3.amazonaws.com/263a4498e9d59f4e54add6c1201b740f
6465cb584e46ca52f3213a40,https://dabang-prod-profile-image.s3.amazonaws.com/263a4498e9d59f4e54add6c1201b740f
646c7096ccc69b2820435f52,https://dabang-prod-profile-image.s3.amazonaws.com/263a4498e9d59f4e54add6c1201b740f
646ad04a3019654820681794,https://dabang-prod-profile-image.s3.amazonaws.com/263a4498e9d59f4e54add6c1201b740f
6422b706a3f1495aadd4d6a7,https://dabang-prod-profile-image.s3.amazonaws.com/263a4498e9d59f4e54add6c1201b740f
64619a59b187f47a0d98437c,https://dabang-prod-profile-image.s3.amazonaws.com/263a4498e9d59f4e54add6c1201b740f
647af9617fdb3a77cfcb7c64,https://dabang-prod-profile-image.s3.amazonaws.com/263a4498e9d59f4e54add6c1201b740f
646dc635551f8a3968c9e95d,https://dabang-prod-profile-image.s3.amazonaws.com/263a4498e9d59f4e54add6c1201b740f
647eda55f053de578ded1700,https://dabang-prod-profile-image.s3.amazonaws.com/263a4498e9d59f4e54add6c1201b740f
646c1aee6501e57ad2b0c380,https://dabang-prod-profile-image.s3.amazonaws.com/263a4498e9d59f4e54add6c1201b740f
